{
	"appId": "com.mate.search",
	"appName": "mate search",
	"webDir": "dist/public",
	"server": {
		"androidScheme": "https",
		"cleartext": true
	},
	"plugins": {
		"SplashScreen": {
			"launchShowDuration": 2000,
			"backgroundColor": "#1a1625",
			"androidSplashResourceName": "splash",
			"androidScaleType": "CENTER_CROP",
			"showSpinner": false
		},
		"StatusBar": {
			"style": "DARK",
			"backgroundColor": "#1a1625"
		}
	},
	"android": {
		"allowMixedContent": true,
		"captureInput": true,
		"webContentsDebuggingEnabled": true
	}
}
